{"cameraMode":{"drawMode":2,"name":"Shaded Wireframe","section":"Shading Mode"},"sceneLighting":false,"audioPlay":false,"sceneViewState":{"showFog":false,"showMaterialUpdate":false,"showSkybox":false,"showFlares":false,"showImageEffects":false,"showParticleSystems":false},"in2DMode":false,"pivot":{"x":-3.727908134460449,"y":9.725767135620118,"z":-8.301030158996582},"rotation":{"x":0.4568796455860138,"y":0.2410547435283661,"z":-0.1301334649324417,"w":0.8462972044944763},"size":21.129549026489259,"orthographic":false}