{"cameraMode":{"drawMode":0,"name":"Shaded","section":"Shading Mode"},"sceneLighting":true,"audioPlay":false,"sceneViewState":{"showFog":false,"showMaterialUpdate":false,"showSkybox":false,"showFlares":false,"showImageEffects":false,"showParticleSystems":false},"in2DMode":false,"pivot":{"x":-64.05481719970703,"y":-36.98952102661133,"z":134.3316192626953},"rotation":{"x":0.20229125022888184,"y":0.5838314890861511,"z":-0.1531388759613037,"w":0.7712117433547974},"size":193.22132873535157,"orthographic":false}