{"cameraMode":{"drawMode":0,"name":"Shaded","section":"Shading Mode"},"sceneLighting":false,"audioPlay":false,"sceneViewState":{"showFog":false,"showMaterialUpdate":false,"showSkybox":false,"showFlares":false,"showImageEffects":false,"showParticleSystems":false},"in2DMode":false,"pivot":{"x":1235.806884765625,"y":1271.904296875,"z":557.5331420898438},"rotation":{"x":0.3424064815044403,"y":0.10119657218456269,"z":-0.03712420538067818,"w":0.9333482384681702},"size":903.9835205078125,"orthographic":false}