{"cameraMode":{"drawMode":0,"name":"Shaded","section":"Shading Mode"},"sceneLighting":false,"audioPlay":false,"sceneViewState":{"showFog":false,"showMaterialUpdate":false,"showSkybox":false,"showFlares":false,"showImageEffects":false,"showParticleSystems":false},"in2DMode":false,"pivot":{"x":20.23446273803711,"y":17.552335739135743,"z":735.4252319335938},"rotation":{"x":-0.10263083875179291,"y":-0.04326523467898369,"z":0.004467934835702181,"w":-0.9937681555747986},"size":51.3143196105957,"orthographic":false}